s-ol.nu,1
ieee-dataport.org,1
humansforrobots.com,1
blueprintfoundry.net,1
knack.supply,1
makersasylum.com,1
zerotoasiccourse.com,1
gre-nable.fr,1
circuitmaker.com,1
apertus.org,1
iitg.ac.in,1
bbq20kbd.solder.party,1
git.beagleboard.org,1
openbeagle.org,1
docs.luxonis.com,1
braillerap.readthedocs.io,1
breathinggames.net,1
docs.borneoiot.com,1
catlab.tech,1
edx-twin3.org,1
gitlab.cairn-devices.eu,1
makesomestuff.org,1
calliope-mini.github.io,1
calliope-edu.github.io,1
canine.readthedocs.io,1
cantact.io,1
gemini.wntr.dev,1
slae.sh,1
esccrasci.in,1
hughski.com,1
embarcacoes.ic.unicamp.br,1
cow-pi.readthedocs.io,1
docs.crabik.ru,1
cubetouch.noteolvid.es,1
sites.google.com,1
yuque.com,1
luna.readthedocs.io,1
upcommons.upc.edu,1
digoutbox.readthedocs.io,1
diskiopi.com,1
scratch-rondeletia-ce1.notion.site,1
engravinator.com,1
docs.designspark.io,1
esp-flasher.makerspace.lt,1
esp32touchdown.com,1
freetronics.com.au,1
re-enthused.com,1
openfabpdx.com,1
wiki.vdbx.io,1
freesewing.org,1
franzininho.gitbook.io,1
blazer82.github.io,1
gasblender.org,1
groboards.com,1
glasgow-embedded.org,1
healthypi.protocentral.com,1
helium.wntr.dev,1
hilotextiles.com,1
hologram.io,1
hackerspace.sv,1
hydrogen.wntr.dev,1
inkplate.readthedocs.io,1
super-8.com,1
poemtechnology.com,1
git2.peterjin.org,1
blog.ivor.org,1
docs.v1e.com,1
hyperglitch.com,1
jubilee3d.com,1
nlighten-systems.com,1
ust.cz,1
lambdachip.com,1
libre.solar,1
techrxiv.org,1
doc.un0rick.cc,1
digital-sqrt.com,1
global-health-engineering.github.io,1
wiki.makervan.de,1
shop.mearm.com,1
notabug.org,1
micronova.wntr.dev,1
ble.themooltipass.com,1
mpython.readthedocs.io,1
muxpi.readthedocs.io,1
nicolaielectronics.nl,1
neptune.wntr.dev,1
air.nettigo.pl,1
arxiv.org,1
docs.openlabautomata.xyz,1
open-acidification.github.io,1
nanographs.github.io,1
gitlab.awi.de,1
3dprint.nih.gov,1
papers.ssrn.com,1
sciencedirect.com,1
git.liberatedsystems.co.uk,1
support.openevse.com,1
openspool.io,1
hackrf.readthedocs.io,1
ossm.tech,1
otis.leedsraspjam.co.uk,1
philips-p2000t.nl,1
panucatt.com,1
publiclab.org,1
tetrabiodistributed.github.io,1
appropedia.org,1
docs.foundationdevices.com,1
pewpew.readthedocs.io,1
big.umassmed.edu,1
pico-synth-sandbox.readthedocs.io,1
pico2-ice.tinyvision.ai,1
wiki.justsem.org,1
pmod-to-qwiic.solder.party,1
docs.beagle.cc,1
jerzeek.github.io,1
dav1dyang.notion.site,1
rocketryjournal.wordpress.com,1
interstitial.coop,1
quanta.obsilab.com,1
reflex.dance,1
reamima.com,1
fbrc.codeberg.page,1
wordpress.rose-hulman.edu,1
rosmo-robot.github.io,1
cloud.3mdeb.com,1
git.cta.if.ufrgs.br,1
wiki.satnogs.org,1
tinkeringtech.com,1
6px.eu,1
afmd.github.io,1
git.sentinel65x.com,1
broadwellconsultinginc.github.io,1
serwom.com,1
serpente.solder.party,1
hax0rbana.org,1
circuitsetup.us,1
taylormadeak.bitbucket.io,1
solo2.dev,1
docs.solokeys.dev,1
sonatino.com,1
speak.wntr.dev,1
savageelectronics.com,1
nhnifong.github.io,1
printables.com,1
docs.tanmatsu.cloud,1
teebeutel.jadyn.dev,1
teebeutel.entropia.de,1
codethinklabs.gitlab.io,1
thunderfly.cz,1
peoplesvent.org,1
tinytapeout.com,1
gocivici.github.io,1
alpelectronics.se,1
warp-charger.com,1
watchy.sqfmi.com,1
hwlab.io,1
xprojetos.net,1
0x0h.com,1
zig-star.com,1
xyzroe.cc,1
icmt.cc,2
pcbway.com,2
docs.jaredwolff.com,2
airgradient.com,2
astrometers.eu,2
sleepyponylabs.com,2
greatlakesdev.io,2
space-nl.com,2
prototypingcorner.io,2
thingiverse.com,2
handibot.com,2
opendesignengine.net,2
meowmeowahr.github.io,2
kfw.solder.party,2
digital-naturalism-laboratories.github.io,2
devdocs.openefi.tech,2
rp2040-stamp.solder.party,2
learn.pi-supply.com,2
tindie.com,2
victormazon.com,2
ladyada.net,2
usb-c-breakout.solder.party,2
wntr.dev,2
oshwlab.com,3
zenodo.org,3
learn.bela.io,3
instructables.com,3
wikifactory.com,3
tinkererway.com,3
anu1905.medium.com,3
mdpi.com,3
docs.franzininho.com.br,3
upverter.com,3
learntosolderkits.com,3
docs.opulo.io,3
pedalboard.github.io,3
ottaa-project.github.io,3
solder.party,3
serialwombat.com,3
whiteboxes.ch,3
docs.beagleboard.org,4
docs.google.com,4
bitbucket.org,5
 https:,5
olimex.com,5
hackster.io,6
codeberg.org,7
learn.sparkfun.com,7
data.mendeley.com,7
bela.io,7
dslik.github.io,8
doi.org,9
hackaday.io,10
download.lulzbot.com,12
devel.lulzbot.com,13
drive.google.com,16
osf.io,18
adafruit.com,27
gitlab.com,30
,34
airtable.com,56
learn.watterott.com,66
learn.adafruit.com,621
github.com,1954
